Words,Part,Meaning,Date,Link
groggy,adj.,体弱的；头晕的,9月22日,1-20.txt
repartee,n.,巧辩,9月22日,1-20.txt
gargantuan,adj.,巨大的,9月22日,1-20.txt
aspersion,n.,诽谤,9月22日,1-20.txt
mite,n.,小虫,9月22日,1-20.txt
respite,n.,暂缓,9月22日,1-20.txt
bonhomie,n.,友好的氛围,9月22日,1-20.txt
finicky,adj.,苛刻的,9月22日,1-20.txt
usurp,v.,篡位,9月22日,1-20.txt
denouement,n.,结局,9月22日,1-20.txt
adulate,v.,谄媚,9月22日,1-20.txt
stentorian,adj.,极响亮的,9月22日,1-20.txt
mongrel,n.&adj.,混血的,9月22日,1-20.txt
predilection,n&adj,偏好,9月22日,1-20.txt
gangly,adj.,身材瘦长的,9月22日,1-20.txt
recumbent,adj.,斜倚的,9月22日,1-20.txt
despicable,adj.,可鄙的,9月22日,1-20.txt
quaver,v&n,颤抖,9月22日,1-20.txt
peeve,n&v,惹恼；怨恨,9月22日,1-20.txt
importune,v.,胡搅蛮缠,9月22日,1-20.txt
erudite,adj.,博学的,9月22日,21-40.txt
bogus,adj.&n,假（的）,9月22日,21-40.txt
carouse,v.,畅饮,9月22日,21-40.txt
tumult,n.,骚乱,9月24日,21-40.txt
discretion,n.,谨慎,9月24日,21-40.txt
bliss,v.&n.,福佑,9月24日,21-40.txt
vile,adj.,令人讨厌的,9月24日,21-40.txt
hideous,adj.,讨厌的,9月24日,21-40.txt
illustrious,adj.,杰出的,9月24日,21-40.txt
repose,v.&n.,休息；建立于…之上,9月24日,21-40.txt
jest,v.&n.,开玩笑,9月24日,21-40.txt
proprietary,adj.,私人拥有的,9月24日,21-40.txt
wilt,v.&n.,凋谢,9月24日,21-40.txt
wanting,adj.,欠缺的,9月24日,21-40.txt
impious,adj.,不虔诚的,9月24日,21-40.txt
don,n.,阁下;指导教师,9月24日,21-40.txt
legion,n.,军队,9月24日,21-40.txt
lissome,adj.,柔软的;敏捷的,9月24日,21-40.txt
verisimilar,adj.,逼真的,9月24日,21-40.txt
equivocate,v.,模棱两可的,9月24日,21-40.txt
paunchy,adj.,大腹便便的,9月24日,41-60.txt
tinker,n.,修补,9月24日,41-60.txt
motley,adj.,混色的,9月24日,41-60.txt
bustle,v.&n.,喧闹,9月25日,41-60.txt
asunder,adv.,化为碎片,9月25日,41-60.txt
truce,n.,停战,9月25日,41-60.txt
mischievous,adj.,狡猾的,9月25日,41-60.txt
dashing,adj.,时髦的,9月25日,41-60.txt
entreat,v.,恳求,9月25日,41-60.txt
prostrate,adj.,降伏的,9月25日,41-60.txt
grotesque,adj.,奇形怪状的,9月25日,41-60.txt
wan,adj.,虚弱的,9月25日,41-60.txt
devout,adj.,虔诚的,9月25日,41-60.txt
iniquity,n.,不公正,9月25日,41-60.txt
beseech,adj.&v.,恳求（的）,9月25日,41-60.txt
ecstasy,n.,狂喜,9月25日,41-60.txt
insolent,adj.,傲慢的,9月25日,41-60.txt
censure,v.&n.,责难,9月25日,41-60.txt
saturnine,adj.,忧郁的,9月25日,41-60.txt
approbation,n.,认可.批准,9月25日,41-60.txt
lance,n.,长矛,9月25日,61-80.txt
sage,adj.,贤明的,9月25日,61-80.txt
barbarous,adj.,野蛮的,9月25日,61-80.txt
calamity,n.,大灾祸,9月25日,61-80.txt
remorse,n.,懊悔.自责,9月25日,61-80.txt
homage,n.,敬意,9月25日,61-80.txt
Canon,n.,教规.教士,9月26日,61-80.txt
snare,n.,圈套.陷阱,9月26日,61-80.txt
solace,n.,慰藉,9月26日,61-80.txt
profusion,n.,丰富,9月26日,61-80.txt
ardor,n.,狂热,9月26日,61-80.txt
impudent,adj.,鲁莽的,9月26日,61-80.txt
avarice,n.,贪财,9月26日,61-80.txt
heresy,n.,异教,9月26日,61-80.txt
rue,v.,后悔,9月26日,61-80.txt
obliging,adj.,乐于助人的,9月26日,61-80.txt
impertinent,adj.,不恰当的,9月26日,61-80.txt
frivolous,adj.,轻佻的.不重要的,9月26日,61-80.txt
impetuous,adj.,冲动的,9月26日,61-80.txt
imperious,adj.,傲慢的,9月26日,61-80.txt
vehement,adj.,猛烈的,9月26日,81-100.txt
prophetic,adj.,预言的,9月26日,81-100.txt
sordid,adj.,卑鄙的.肮脏的,9月26日,81-100.txt
disciple,n.,信徒,9月26日,81-100.txt
apparition,n.,幽灵,9月26日,81-100.txt
perceptible,adj.,可察觉的,9月26日,81-100.txt
enmity,n.,敌意.憎恨,9月26日,81-100.txt
dire,adj.,可怕的.悲惨的,9月26日,81-100.txt
cowardice,n.,胆小,9月26日,81-100.txt
indolent,adj.,懒惰的,9月27日,81-100.txt
forbearance,n.,忍耐,9月27日,81-100.txt
audacious,adj.,鲁莽的；大胆的,9月27日,81-100.txt
rustle,v.&n.,沙沙响；偷窃,9月27日,81-100.txt
alacrity,n.,反应迅速,9月27日,81-100.txt
scourage,n.,祸害来源,9月27日,81-100.txt
copious,adj.,丰富的,9月27日,81-100.txt
interminable,adj.,没完没了的,9月27日,81-100.txt
paltry,adj.,微小的,9月27日,81-100.txt
chivalrous,adj.,骑士的,9月27日,81-100.txt
consummate,adj.&v.,完美的；完成,9月27日,81-100.txt
confound,v.,使混乱；挫败,9月27日,101-120.txt
giddy,adj.,头晕的,9月27日,101-120.txt
secluded,adj.,隔绝的,9月27日,101-120.txt
pernicious,adj.,有害的.致命的,9月27日,101-120.txt
extant,adj.,现存的.显著的,9月27日,101-120.txt
deplorable,adj.,悲惨的,9月27日,101-120.txt
austere,adj.,严峻的,9月27日,101-120.txt
tout,v.,销售；吹捧,9月27日,101-120.txt
auspicious,adj.,幸运的；吉兆的,9月27日,101-120.txt
pallid,adj.,苍白的；病态的,9月27日,101-120.txt
sentinel,v.&n.,哨兵；守卫,9月27日,101-120.txt
wistful,adj.,渴望的,9月27日,101-120.txt
comely,adj.,美丽的,9月27日,101-120.txt
despotic,adj.,专横的；专政的；,9月28日,101-120.txt
conflagration,n.,建筑物大火,9月28日,101-120.txt
parable,n.,寓言,9月28日,101-120.txt
genteel,adj.,有教养的,9月28日,101-120.txt
fictitious,adj.,虚构的,9月28日,101-120.txt
implacable,adj.,难以满足的,9月28日,101-120.txt
levity,n.,轻浮；,9月28日,101-120.txt
convert,adj.,隐蔽的,9月28日,121-140.txt
sequel,n.,续集；结局；,9月28日,121-140.txt
apprehensive,adj.,忧虑的；知晓的,9月28日,121-140.txt
stalwart,n.&adj.,强壮的（人）,9月28日,121-140.txt
ascetic,adj.,禁欲的,9月28日,121-140.txt
uncouth,adj.,笨拙的；不舒适的,9月28日,121-140.txt
lamentable,adj.,可悲的,9月28日,121-140.txt
penitent,adj.,后悔的,9月28日,121-140.txt
boisterous,adj.,喧闹的,9月28日,121-140.txt
reproof,n.,斥责；责备,9月28日,121-140.txt
inexorable,adj.,不为所动的,9月28日,121-140.txt
palpable,adj.,明显的,9月28日,121-140.txt
impotent,adj.,无力的,9月28日,121-140.txt
salutary,adj.,有益的,9月28日,121-140.txt
rabble,n.,下层社会,9月28日,121-140.txt
sate,v.,使心满意足,9月28日,121-140.txt
rapt,adj.,全神贯注的；狂喜的,9月29日,121-140.txt
chaff,n.,谷物皮,9月29日,121-140.txt
oration,n.,演说；致辞,9月29日,121-140.txt
coronation,n.,加冕,9月29日,121-140.txt
furtive,adj.,偷偷的,9月29日,141-160.txt
languor,n.,身心疲惫,9月29日,141-160.txt
atone,v.,赎罪；补偿,9月29日,141-160.txt
fraught,adj.,担心的,9月29日,141-160.txt
shroud,n.,寿衣；覆盖物,9月29日,141-160.txt
decorum,n.,礼貌.礼节,9月29日,141-160.txt
retinure,n.,侍从,9月29日,141-160.txt
surly,adj.,乖戾的,9月29日,141-160.txt
jovial,adj.,天性快活的,9月29日,141-160.txt
apathy,n.,冷漠,9月29日,141-160.txt
fervor,n.,感情,9月29日,141-160.txt
balm,n.,香油,9月29日,141-160.txt
clamor,n.,喧闹,9月29日,141-160.txt
gall,n.,粗鲁；无礼,9月29日,141-160.txt
stratagem,adj.,谋略,9月29日,141-160.txt
vindictive,adj.,报复性的；惩罚的,9月29日,141-160.txt
droll,adj.,滑稽的,9月29日,141-160.txt
prodigal,adj.,挥霍的,9月29日,141-160.txt
peremptory,adj.,专横的,9月29日,141-160.txt
antipathy,n.,反感；厌恶,9月30日,141-160.txt
carnal,adj.,肉体的；肉欲的,9月30日,161-180.txt
exodus,n.,大批离去,9月30日,161-180.txt
repugnant,adj.,令人厌恶的,9月30日,161-180.txt
sonnet,n.,十四行诗,9月30日,161-180.txt
prosaic,adj.,平凡的,9月30日,161-180.txt
spat,n.,口角,9月30日,161-180.txt
ethereal,adj.,太空的,9月30日,161-180.txt
sprightly,adj.,活泼的,9月30日,161-180.txt
ineffable,adj.,不可言说的,9月30日,161-180.txt
impostor,n.,骗子,9月30日,161-180.txt
lithe,adj.,轻盈的；柔软的,9月30日,161-180.txt
rend,v.,撕碎；分裂,9月30日,161-180.txt
wayward,adj.,任性的；不规则的,9月30日,161-180.txt
hoary,adj.,年纪高的；灰白的,9月30日,161-180.txt
exalt,v.,提升；表扬,9月30日,161-180.txt
wily,adj.,狡猾的,9月30日,161-180.txt
surmise,v.,猜测,9月30日,161-180.txt
sterile,adj.,无细菌的；贫瘠的,9月30日,161-180.txt
stupor,n.,恍惚；昏迷,9月30日,161-180.txt
conjure,v.,变魔术；使想起,9月30日,161-180.txt
inter,v.,埋葬；在内,9月30日,181-200.txt
retribution,n.,报应；惩罚,9月30日,181-200.txt
lurid,adj.,耸人听闻的,9月30日,181-200.txt
recoil,v.,畏缩.弹回.报应,10月4日,181-200.txt
impassive,adj.,冷漠的,10月4日,181-200.txt
blight,n&v,使枯萎,10月4日,181-200.txt
propitious,adj.,适合的,10月4日,181-200.txt
thwart,v.,阻碍,10月4日,181-200.txt
burlesque,adj.,滑稽的,10月4日,181-200.txt
solicitious,adj.,热心期望的,10月4日,181-200.txt
cipher,n.,密码,10月4日,181-200.txt
unavailing,adj.,无效的,10月4日,181-200.txt
profligate,adj.,放荡的；恣意挥霍的,10月4日,181-200.txt
crook,n.,骗子；弯,10月4日,181-200.txt
candor,n.,坦白,10月4日,181-200.txt
infirm,adj.,衰弱的,10月4日,181-200.txt
voluptuous,adj.,撩人的,10月4日,181-200.txt
occult,adj.,神秘的；神秘,10月4日,181-200.txt
tempestuous,adj.,有暴风雨的,10月4日,181-200.txt
corporeal,adj.,物质的；肉体的,10月4日,181-200.txt
transitory,adj.,暂时的,10月4日,201-220.txt
squalid,adj.,污秽的,10月4日,201-220.txt
succor,n&v,救援(者）,10月4日,201-220.txt
stolid,adj.,无动于衷的,10月4日,201-220.txt
restitution,n.,归还.赔偿,10月4日,201-220.txt
desultory,adj.,散漫的,10月4日,201-220.txt
inducement,n.,诱因.刺激物,10月4日,201-220.txt
voluminous,adj.,大量的.长篇的,10月4日,201-220.txt
dandy,n.&adj.,花花公子；服装华丽的,10月6日,201-220.txt
affable,adj.,易于交谈的,10月6日,201-220.txt
patrician,n.&adj.,贵族（的）,10月6日,201-220.txt
guile,n.,狡猾.诡计,10月6日,201-220.txt
dissolute,adj.,无节制的,10月6日,201-220.txt
brevity,n.,简短,10月6日,201-220.txt
verdant,adj.,翠绿的,10月6日,201-220.txt
depravity,n.,堕落,10月6日,201-220.txt
avowal,n.,声明,10月6日,201-220.txt
cleave,v.,劈开.分裂,10月6日,201-220.txt
portentous,adj.,不祥的,10月6日,201-220.txt
plebeian,adj.,平民的,10月6日,201-220.txt
grimace,adj.,做鬼脸,10月6日,221-240.txt
florid,v.,红润的,10月6日,221-240.txt
hoard,v.,贮藏,10月6日,221-240.txt
spleen,n.,脾,10月6日,221-240.txt
staunch,adj.,坚定的,10月6日,221-240.txt
sling,n.,吊索,10月6日,221-240.txt
extricate,v.,拯救,10月6日,221-240.txt
unruly,adj.,不守规矩的,10月6日,221-240.txt
harangur,n.&v.,长篇大论,10月6日,221-240.txt
dupe,n.&v.,欺骗；受骗者,10月6日,221-240.txt
allay,v.,减轻；缓和,10月6日,221-240.txt
sacrilege,n.,亵渎,10月6日,221-240.txt
blemish,n.&v.,损害；瑕疵,10月6日,221-240.txt
scowl,n.,愁容,10月11日,221-240.txt
invoke,v.,祈求,10月11日,221-240.txt
fawn,n.,小鹿,10月11日,221-240.txt
refractory,adj.,难熔的；不听话的,10月11日,221-240.txt
conciliate,v.,调和,10月11日,221-240.txt
paraxysm,n&adj,突发；发作性的,10月11日,221-240.txt
abhor,v.,憎恨,10月11日,221-240.txt
dexterous,adj.,灵巧的,10月11日,241-260.txt
variegated,n&adj,斑驳的,10月11日,241-260.txt
blithe,adj.,愉快的,10月11日,241-260.txt
limpid,adj.,清澈的,10月11日,241-260.txt
specious,adj.,华而不实的,10月11日,241-260.txt
spurious,adj.,假的,10月11日,241-260.txt
perfidy,n.,背叛,10月11日,241-260.txt
covetous,adj.,贪心的,10月11日,241-260.txt
puny,adj.,微小的,10月11日,241-260.txt
callous,adj.,无情的,10月11日,241-260.txt
bewitching,adj.,迷人的,10月11日,241-260.txt
bane,n.,祸根,10月11日,241-260.txt
rivulet,n.,小河,10月11日,241-260.txt
stockade,n.,栅栏,10月11日,241-260.txt
convulsion,n.,惊厥；动乱,10月11日,241-260.txt
rectitude,n.,公正.正直,10月18日,241-260.txt
acquiesce,v&a,默许（的）,10月18日,241-260.txt
incarnate,adj.,化身的,10月18日,241-260.txt
belligerent,adj.,交战的,10月18日,241-260.txt
relapse,n.,复发,10月18日,241-260.txt
snarl,v&a,吼叫,10月18日,261-280.txt
concord,n.,和睦,10月18日,261-280.txt
immmutable,adj.,永恒的,10月18日,261-280.txt
scurvy,n&a,坏血病；卑鄙的,10月18日,261-280.txt
morose,adj.,脾气坏的,10月18日,261-280.txt
methodical,adj.,有方法的,10月18日,261-280.txt
obeisance,n.,鞠躬.尊敬,10月18日,261-280.txt
plumb,v.,铅锤测量,10月18日,261-280.txt
arable,adj.,可种植的,10月18日,261-280.txt
dissuade,v.,劝阻,10月18日,261-280.txt
elude,v.,逃避,10月18日,261-280.txt
travail,n&v,分娩的痛苦,10月18日,261-280.txt
compunction,n.,懊悔,10月18日,261-280.txt
assiduous,adj.,勤勉的,10月18日,261-280.txt
loath,v.,憎恨,10月18日,261-280.txt
condescending,adj.,贬低的,10月18日,261-280.txt
vivacious,adj.,活泼的,10月18日,261-280.txt
somber,adj.,忧郁的,10月18日,261-280.txt
medley,adj.,混合的,10月18日,261-280.txt
canvass,v.,游说,10月18日,261-280.txt
warp,n&v,歪曲.使变形,10月27日,281-300.txt
threadbare,adj.,衣衫褴褛的,10月27日,281-300.txt
jot,n&v,草草记录.最少量,10月27日,281-300.txt
leaven,n&v,发酵,10月27日,281-300.txt
gratuitous,adj.,无根据的,10月27日,281-300.txt
stealth,n.,秘密,10月27日,281-300.txt
lank,adj.,瘦削的,10月27日,281-300.txt
hovel,n.,茅舍,10月27日,281-300.txt
timorous,adj.,胆怯地,10月27日,281-300.txt
knack,n.,诀窍,10月27日,281-300.txt
dais,n.,主席台,10月27日,281-300.txt
drab,adj.,枯黄的.单调的,10月27日,281-300.txt
ostentatious,adj.,浮华的,10月27日,281-300.txt
jaded,adj.,疲倦的,10月27日,281-300.txt
ignominy,n.,耻辱,10月27日,281-300.txt
trepidation,n.,恐惧,10月27日,281-300.txt
enigma,n.,迷,10月27日,281-300.txt
menial,adj.,仆人的,10月27日,281-300.txt
masquerade,n.,化妆舞会；,10月27日,281-300.txt
hale,adj.,矍铄的,10月27日,281-300.txt
feign,v.,假装,10月27日,301-320.txt
flit,n&v,轻快的飞行,10月27日,301-320.txt
taciturn,adj.,沉默寡言的,10月27日,301-320.txt
obsequious,adj.,谄媚的,10月27日,301-320.txt
duplicity,n.,口是心非,11月21日,301-320.txt
prologue,n.,序幕,11月21日,301-320.txt
awning,n.,遮阳棚,11月21日,301-320.txt
rife,adj.,普遍的,11月21日,301-320.txt
attest,v.,证明,11月21日,301-320.txt
ravenous,adj.,贪婪的,11月21日,301-320.txt
efface,v.,抹去.擦掉,11月21日,301-320.txt
lurch,n.,倾斜,11月21日,301-320.txt
simpleton,n.,傻子,11月21日,301-320.txt
babble,v.,喋喋不休,11月21日,301-320.txt
wrest,n.&v.,拧,11月21日,301-320.txt
untoward,adj.,困难的出乎意料的,11月21日,301-320.txt
renegade,n.&v.,背叛（者）,11月21日,301-320.txt
effrontery,n.,厚颜无耻,11月21日,301-320.txt
obdurate,adj.,固执的,11月21日,301-320.txt
chide,v.,指责,11月21日,301-320.txt
mettle,n.,勇气,11月21日,321-340.txt
stench,n.&v.,臭气,11月21日,321-340.txt
sedate,adj.,沉着的,11月21日,321-340.txt
figurative,adj.,比喻的.修饰丰富的,11月21日,321-340.txt
opportune,adj.,适当的,11月21日,321-340.txt
facetious,adj.,滑稽的,11月21日,321-340.txt
piquant,adj.,辛辣的,11月21日,321-340.txt
languish,v.,凋萎,11月21日,321-340.txt
invective,adj.,谩骂的,11月22日,321-340.txt
hallucination,n.,幻想,11月22日,321-340.txt
probity,n.,正直,11月22日,321-340.txt
fallow,adj.,休耕的；休闲的,11月22日,321-340.txt
quell,v.,镇压,11月22日,321-340.txt
petulant,adj.,性急的；易怒的,11月22日,321-340.txt
bravado,n.,逞能,11月22日,321-340.txt
turbid,adj.,浑浊的,11月22日,321-340.txt
rave,n.,狂欢,11月22日,321-340.txt
heretical,adj.,异端的,11月22日,321-340.txt
ruse,n.,诡计,11月22日,321-340.txt
incorrigible,adj.,积习难改的,11月22日,321-340.txt
overbearing,adj.,傲慢的,11月22日,341-360.txt
schism,n.,分裂,11月22日,341-360.txt
talisman,n.,护身符,11月22日,341-360.txt
baleful,adj.,邪恶的,11月22日,341-360.txt
evince,n.,表明,11月22日,341-360.txt
reprove,v.,责骂,11月22日,341-360.txt
odium,n.,憎恶,11月22日,341-360.txt
sepulchral,adj.,阴森的,11月22日,341-360.txt
awry,adj.,扭曲的,11月22日,341-360.txt
banter,n.,取笑,11月22日,341-360.txt
murky,adj.,黑暗的；朦胧的,11月22日,341-360.txt
temerity,n.,大胆；鲁莽,11月22日,341-360.txt
dearth,n.,缺乏,11月22日,341-360.txt
swagger,n.&v.,大摇大摆,11月23日,341-360.txt
rapacious,adj.,贪婪的,11月23日,341-360.txt
inflame,v.,使燃烧；激怒,11月23日,341-360.txt
impervious,adj.,不能渗透的,11月23日,341-360.txt
inkling,n.,轻微暗示,11月23日,341-360.txt
heinous,adj.,可憎的,11月23日,341-360.txt
entice,v.,怂恿.引诱,11月23日,341-360.txt
wry,adj.,歪斜的,11月23日,361-380.txt
supercilious,adj.,目中无人的,11月23日,361-380.txt
parody,n.&v.,拙劣模仿,11月23日,361-380.txt
distraught,adj.,发狂的,11月23日,361-380.txt
acrid,adj.,辛辣的,11月23日,361-380.txt
stinct,n.,节约；固定时间,11月23日,361-380.txt
unkempt,adj.,不整洁的,11月23日,361-380.txt
slant,n.,倾斜,11月23日,361-380.txt
circuitous,adj.,迂回的,11月23日,361-380.txt
whiff,n.,一吸,11月23日,361-380.txt
coquette,n.,调情的女子,11月23日,361-380.txt
querulous,adj.,抱怨的；挑剔的,11月23日,361-380.txt
anomalous,adj.,反常的,11月23日,361-380.txt
bale,adj.,大包裹；不幸,11月23日,361-380.txt
voluble,n.,健谈的；缠绕的,11月23日,361-380.txt
reprobate,adj.&n.,邪恶的,11月23日,361-380.txt
inimical,adj.,敌意的,11月24日,361-380.txt
untenable,adj.,防守不住的,11月24日,361-380.txt
malevolent,adj.,恶毒的,11月24日,361-380.txt
virulent,adj.,剧毒的,11月24日,361-380.txt
pun,n.,双关,11月24日,381-400.txt
reactionary,adj.,保守的,11月24日,381-400.txt
dissemble,v.,掩饰,11月24日,381-400.txt
torpid,adj.,懒散的,11月24日,381-400.txt
repudiate,v.,拒绝；否定,11月24日,381-400.txt
hew,v.,砍伐；坚持,11月24日,381-400.txt
redoubtable,adj.,可敬畏的；可怕的,11月24日,381-400.txt
replete,adj.,充满的,11月24日,381-400.txt
vouch,n.&v.,担保；证明,11月24日,381-400.txt
diffident,adj.,羞怯的；,11月24日,381-400.txt
enamel,n.&v.,珐琅,11月24日,381-400.txt
soliloquy,n.,自言自语,11月24日,381-400.txt
felony,v.,重罪,11月24日,381-400.txt
nip,v.,咬,11月24日,381-400.txt
peruse,v.,精度,11月24日,381-400.txt
panegyric,n.,颂词,11月24日,381-400.txt
defray,v.,支出,11月24日,381-400.txt
craven,adj.,懦弱的,11月24日,381-400.txt
perfunctory,adj.,草率的,11月24日,381-400.txt
taut,adj.,拉紧的,11月24日,381-400.txt
sanctify,v.,使神圣化,11月24日,401-420.txt
trite,adj.,陈腐的；老一套的,11月25日,401-420.txt
clandestine,adj.,秘密的,11月25日,401-420.txt
scion,n.,接穗；子孙,11月25日,401-420.txt
garrulous,adj.,唠叨的,11月25日,401-420.txt
invidious,adj.,惹人反感的,11月25日,401-420.txt
jaunty,adj.,愉快的,11月25日,401-420.txt
incite,v.,刺激；煽动,11月25日,401-420.txt
rebuff,n.,回绝,11月25日,401-420.txt
fallacious,adj.,谬误的,11月25日,401-420.txt
contrite,adj.,悔罪的,11月25日,401-420.txt
puerile,adj.,幼稚的,11月25日,401-420.txt
potentate,n.,统治者,11月25日,401-420.txt
disaffected,adj.,不满的,11月25日,401-420.txt
abetance,n.,中止,11月25日,401-420.txt
gainsay,v.,否认,11月25日,401-420.txt
propitiate,v.,讨好,11月25日,401-420.txt
restive,adj.,不耐烦的；焦躁不安的,11月25日,401-420.txt
inferno,n.,火海,11月25日,401-420.txt
coy,adj.,腼腆的,11月25日,401-420.txt
penury,n.,贫穷,11月25日,421-440.txt
didactic,adj.,说教的,11月25日,421-440.txt
lassitude,n.,困倦,11月25日,421-440.txt
leer,v.,斜视,11月25日,421-440.txt
shirk,v.,逃避,11月25日,421-440.txt
foreword,n.,前言,11月25日,421-440.txt
obviate,v.,排除.避免,11月26日,421-440.txt
plush,adj.,长毛绒的；豪华的,11月26日,421-440.txt
pittance,v.,微薄的收入,11月26日,421-440.txt
subterfuge,n.,借口；诡计,11月26日,421-440.txt
spurn,v.,摒弃,11月26日,421-440.txt
parity,n.,同等,11月26日,421-440.txt
libertine,n.,放荡的人,11月26日,421-440.txt
dirge,n.,哀悼歌,11月26日,421-440.txt
proffer,v.,提供；赠送,11月26日,421-440.txt
drone,n.,无人机；雄蜂,11月26日,421-440.txt
snub,n.&v.,冷落；断然拒绝,11月26日,421-440.txt
tawdry,adj.,俗丽的,11月26日,421-440.txt
espouse,v.,支持,11月26日,421-440.txt
knotty,adj.,棘手的；有结的,11月26日,421-440.txt
upbraid,v.,斥责,11月26日,441-460.txt
retrograde,v.&adj.,倒退,11月26日,441-460.txt
preternatural,adj.,超自然的,11月26日,441-460.txt
waft,n.&v.,飘荡,11月26日,441-460.txt
gash,n.&v.,裂缝；划伤,11月26日,441-460.txt
tractable,adj.,易于管教的,11月26日,441-460.txt
presage,n.&v.,预感,11月26日,441-460.txt
gild,n.&v.,镀金,11月26日,441-460.txt
disinclination,n.,不感兴趣,11月26日,441-460.txt
obtuse,adj.,迟钝的,11月26日,441-460.txt
punctilious,adj.,一丝不苟的,11月27日,441-460.txt
flinch,v.&n.,畏缩；退缩,11月27日,441-460.txt
torrid,adj.,酷热的,11月27日,441-460.txt
irascible,adj.,易怒的,11月27日,441-460.txt
miscreant,n.,恶棍,11月27日,441-460.txt
repine,v.,不满,11月27日,441-460.txt
splinter,v.&n.,碎片,11月27日,441-460.txt
wince,v.&n.,畏缩；退缩,11月27日,441-460.txt
admonish,v.,训诫,11月27日,441-460.txt
noisome,adj.,恶臭的,11月27日,441-460.txt
expiate,v.,赎罪,11月27日,461-480.txt
assuage,v.&n.,缓解,11月27日,461-480.txt
cursory,adj.,匆忙的；草率的,11月27日,461-480.txt
venal,adj.,口感好的,11月27日,461-480.txt
circumspect,adj.,慎重的,11月27日,461-480.txt
comensurate,adj.,相应的,11月27日,461-480.txt
dank,adj.,潮湿的,11月27日,461-480.txt
salve,v.&n.,药膏,11月27日,461-480.txt
malign,adj.&v.,邪恶的；诽谤,11月27日,461-480.txt
reconnoiter,v.,侦察,11月27日,461-480.txt
apocryphal,adj.,假的,11月27日,461-480.txt
divulge,v.,泄漏,11月27日,461-480.txt
windbag,n.,能说话的人,11月27日,461-480.txt
hauteur,n.,傲慢,11月28日,461-480.txt
lullaby,v.&n.,催眠（曲）,11月28日,461-480.txt
disprove,v.,反驳,11月28日,461-480.txt
gossamer,n.,小蜘蛛网,11月28日,461-480.txt
crestfallen,adj.,垂头丧气,11月28日,461-480.txt
winsome,adj.,迷人的,11月28日,461-480.txt
nebulous,adj.,朦胧的；星云的,11月28日,461-480.txt
earshot,n.,听力所及范围内,11月28日,481-500.txt
melodramatic,adj.,夸张的；戏剧似的,11月28日,481-500.txt
indigent,adj.,贫穷的,11月28日,481-500.txt
lugubrious,adj.,闷闷不乐的,11月28日,481-500.txt
demur,v.&n.,异议,11月28日,481-500.txt
redolent,adj.,芬芳的；气味芬芳的,11月28日,481-500.txt
laconic,adj.,简洁的,11月28日,481-500.txt
serpentine,adj.,蜿蜒的；像蛇一样,11月28日,481-500.txt
phlegmatic,adj.,冷淡的；,11月28日,481-500.txt
insular,adj.,隔绝的,11月28日,481-500.txt
illusory,adj.,错觉的,11月28日,481-500.txt
pedant,n.,书呆子,11月28日,481-500.txt
stingy,adj.,吝啬的,11月28日,481-500.txt
tepid,adj.,微温的；不热烈的,11月28日,481-500.txt
prate,v.,唠叨,11月28日,481-500.txt
hackneyed,adj.,陈腐的,11月29日,481-500.txt
forthright,adj.,直接的；坦率的,11月29日,481-500.txt
fetid,adj.,有恶臭的,11月29日,481-500.txt
domicile,n.,住宅,11月29日,481-500.txt
demagogue,n.,煽动者,11月29日,481-500.txt
errant,adj.,错误的,11月29日,501-520.txt
munificient,adj.,慷慨的,11月29日,501-520.txt
entrap,v.,诱骗,11月29日,501-520.txt
maudlin,adj.,感情脆弱的,11月29日,501-520.txt
regimen,n.,养生法,11月29日,501-520.txt
annul,v.,宣告无效；取消,11月29日,501-520.txt
incendiary,n.,防火者；煽动者；,11月29日,501-520.txt
hie,v.,催促,11月29日,501-520.txt
truculent,adj.,好斗的；野蛮的,11月29日,501-520.txt
harrow,n.,耙地,11月29日,501-520.txt
sinew,n.,肌腱,11月29日,501-520.txt
scrawl,n.,潦草的笔记,11月29日,501-520.txt
cordon,n.,警戒线,11月29日,501-520.txt
carp,n.,鲤鱼,11月29日,501-520.txt
interdict,n.,禁止,11月29日,501-520.txt
aver,v.,断言,11月29日,501-520.txt
pathological,adj.,病态的,11月29日,501-520.txt
wrangle,n.,争论,11月29日,501-520.txt
squander,n.,浪费；挥霍,11月29日,501-520.txt
venial,adj.,可原谅的；轻微的,11月29日,501-520.txt
aspirant,n.&adj.,有抱负的人；上进的,11月30日,521-540.txt
swindle,n.&v.,诈骗,11月30日,521-540.txt
palatial,adj.,宏伟的,11月30日,521-540.txt
autocracy,n.,独裁政治,11月30日,521-540.txt
umbrage,n,不快,11月30日,521-540.txt
strident,adj.,刺耳的,11月30日,521-540.txt
cavil,v.,挑剔,11月30日,521-540.txt
pout,n.,撅嘴；板脸,11月30日,521-540.txt
hypnotic,n.&adj.,安眠药；催眠的,11月30日,521-540.txt
verbatim,adj.,逐字的,11月30日,521-540.txt
obloquy,n.,谩骂,11月30日,521-540.txt
onerous,adj.,繁重的,11月30日,521-540.txt
gripe,n.&v.,发牢骚；抱怨,11月30日,521-540.txt
deride,v.,嘲弄,11月30日,521-540.txt
nefarious,adj.,违法的；邪恶的,11月30日,521-540.txt
boor,n.,举止粗野的人,11月30日,521-540.txt
luminary,n.,杰出人物；发光体,11月30日,521-540.txt
certitude,n.,确信,11月30日,521-540.txt
parry,v.,挡开；避开,11月30日,521-540.txt
strut,n.&v.,昂首阔步的走,11月30日,521-540.txt
bluster,v.,咆哮,11月30日,541-560.txt
loquacious,adj.,多话的,11月30日,541-560.txt
paragon,n.,模范,11月30日,541-560.txt
corroborate,v.,证实,12月1日,541-560.txt
abjure,v.,放弃,12月1日,541-560.txt
prescience,n.,先知,12月1日,541-560.txt
vociferous,adj.,大声的,12月1日,541-560.txt
dilatory,adj.,拖拉的,12月1日,541-560.txt
parenthesis,n.,圆括号,12月1日,541-560.txt
cognizant,adj.,已认知的,12月1日,541-560.txt
derelict,adj.,渎职的,12月1日,541-560.txt
bigot,n.,偏执者,12月1日,541-560.txt
drizzle,n.&v.,下毛毛雨,12月1日,541-560.txt
slouch,n.&v.,低垂；达拉,12月1日,541-560.txt
revoke,n.&v.,撤回,12月1日,541-560.txt
rabid,adj.,激烈的；偏激的,12月1日,541-560.txt
trenchant,adj.,犀利的,12月1日,541-560.txt
anathema,n.,诅咒,12月1日,541-560.txt
apprise,v.,通知,12月1日,541-560.txt
cogent,adj.,有说服力的,12月1日,541-560.txt
tirade,n.,长篇攻击性演说,12月1日,561-580.txt
racy,adj.,令人激动的,12月1日,561-580.txt
incantation,n.,咒语,12月1日,561-580.txt
rancor,n.,怨恨,12月1日,561-580.txt
vicarious,adj.,代理的,12月1日,561-580.txt
saunter,v.&n.,漫步,12月1日,561-580.txt
depose,v.,免职,12月1日,561-580.txt
miserly,adj.,贪财的；吝啬的,12月1日,561-580.txt
vapid,adj.,乏味的,12月2日,561-580.txt
coop,n.&v.,拘禁,12月2日,561-580.txt
irate,adj.,发怒的,12月2日,561-580.txt
vaunt,v.,吹嘘,12月2日,561-580.txt
esoteric,adj.,神秘的,12月2日,561-580.txt
dapper,adj.,干净利落的,12月2日,561-580.txt
broach,v.,开始,12月2日,561-580.txt
enamored,adj.,迷恋的,12月2日,561-580.txt
cache,n.&v.,储存场所,12月2日,561-580.txt
diurnal,adj.,白天的,12月2日,561-580.txt
palliate,v.,减轻,12月2日,561-580.txt
accost,v.,搭讪,12月2日,561-580.txt
prowl,n.&v.,徘徊,12月2日,581-600.txt
deprecate,v.,反对,12月2日,581-600.txt
elegy,n.,哀歌,12月2日,581-600.txt
glut,n.&v.,供过于求,12月2日,581-600.txt
animus,n.,憎恨,12月2日,581-600.txt
elucidate,v.,阐明,12月2日,581-600.txt
jocund,adj.,快活的,12月2日,581-600.txt
iridescent,adj.,闪光的.彩虹色的,12月2日,581-600.txt
surfeit,n.,饮食过度,12月2日,581-600.txt
glutton,n.,贪吃者,12月2日,581-600.txt
unimpeachable,adj.,可信的；无可挑剔的,12月2日,581-600.txt
dwindle,v.,减少,12月2日,581-600.txt
inception,n.,起初,12月2日,581-600.txt
captivate,v.,吸引,12月3日,581-600.txt
truss,n.&v.,构架,12月3日,581-600.txt
scurrilous,adj.,下流的,12月3日,581-600.txt
remiss,adj.,疏忽的,12月3日,581-600.txt
whet,n.&v.,刺激；开胃物,12月3日,581-600.txt
virtuoso,n.,艺术品鉴赏家,12月3日,581-600.txt
inane,adj.,无意义的,12月3日,581-600.txt
rant,n.,咆哮；痛骂,12月3日,601-620.txt
glib,adj.,口齿伶俐的,12月3日,601-620.txt
squabble,n.&v.,发生口角,12月3日,601-620.txt
scathing,adj.,严厉的,12月3日,601-620.txt
pedagogue,n.,教师,12月3日,601-620.txt
debonair,adj.,温文尔雅的,12月3日,601-620.txt
abdicate,adj.,放弃权力的,12月3日,601-620.txt
garish,adj.,炫耀的；过分鲜艳的,12月3日,601-620.txt
recondite,adj.,深奥的,12月3日,601-620.txt
dappled,adj.,斑驳的,12月3日,601-620.txt
choleric,adj.,易怒的,12月3日,601-620.txt
grandiose,adj.,浮夸的,12月3日,601-620.txt
daft,adj.,愚蠢的,12月3日,601-620.txt
panacea,n.,灵丹妙药,12月3日,601-620.txt
pithy,adj.,精炼的,12月3日,601-620.txt
dike,n.,提防,12月3日,601-620.txt
sunder,v.,切开.分裂,12月3日,601-620.txt
gliadiate,n.,角斗士,12月3日,601-620.txt
effete,adj.,颓废的,12月4日,601-620.txt
incursion,n.,入侵,12月4日,601-620.txt
charlatan,n.,骗子,12月4日,621-640.txt
liken,v.,比作,12月4日,621-640.txt
puissance,n.,权势,12月4日,621-640.txt
sinecure,n.,闲职,12月4日,621-640.txt
acme,n.,顶点,12月4日,621-640.txt
captious,v.,挑剔的,12月4日,621-640.txt
badinage,n.,开玩笑,12月4日,621-640.txt
flout,n.,嘲笑,12月4日,621-640.txt
nascent,adj.,萌芽,12月4日,621-640.txt
engender,v.,产生,12月4日,621-640.txt
palaver,n.&v.,废话；闲谈；奉承,12月4日,621-640.txt
scribble,adj.,潦草的；（写）,12月4日,621-640.txt
halcyon,adj.,平静的,12月5日,621-640.txt
watershed,n.,分水岭,12月5日,621-640.txt
dilettante,n.,半吊子,12月5日,621-640.txt
peroration,n.,结尾；结论,12月5日,621-640.txt
contravene,v.,抵触；违反,12月5日,621-640.txt
digress,v.,离题,12月5日,621-640.txt
infraction,n.,违法,12月5日,621-640.txt
opprobrious,adj.,辱骂的,12月5日,621-640.txt
capitulate,v.,认输；屈服,12月5日,641-660.txt
smug,adj.,自鸣得意,12月5日,641-660.txt
trudge,n.&v.,长途跋涉,12月5日,641-660.txt
fad,n.,风尚,12月5日,641-660.txt
omniscient,adj.,无所不知的,12月5日,641-660.txt
pertinacious,adj.,顽固的,12月5日,641-660.txt
balk,v.,畏缩；障碍,12月5日,641-660.txt
outwit,v.,以机智胜过,12月5日,641-660.txt
travesty,n.,滑稽模仿,12月5日,641-660.txt
augur,n.&v.,预言,12月5日,641-660.txt
pandemonium,n.,混乱,12月5日,641-660.txt
circumvent,v.,规避,12月5日,641-660.txt
mercurial,adj.,善变的,12月5日,641-660.txt
innocuous,adj.,无害的,12月5日,641-660.txt
cede,v.,放弃；割让,12月5日,641-660.txt
gregarious,adj.,群居的,12月5日,641-660.txt
recalcitrant,adj.,顽抗的,12月6日,641-660.txt
blatant,adj.,喧哗的；明目张胆的,12月6日,641-660.txt
tarnish,n.,弄脏,12月6日,641-660.txt
nonchalant,adj.,若无其事的,12月6日,641-660.txt
welter,n.&v.,翻滚；起伏,12月6日,661-680.txt
bombast,n.,高调,12月6日,661-680.txt
knead,v.,揉捏,12月6日,661-680.txt
surreptitious,adj.,鬼鬼祟祟的,12月6日,661-680.txt
tantamound,adj.,相等的,12月6日,661-680.txt
squeamish,adj.,害怕的,12月6日,661-680.txt
frothy,adj.,起泡的,12月6日,661-680.txt
historionic,adj.,戏剧的；装腔作势的,12月6日,661-680.txt
amorphous,adj.,无定形的,12月6日,661-680.txt
unrequited,adj.,无回报的,12月6日,661-680.txt
quibble,n.&v.,诡辩,12月6日,661-680.txt
slake,v.,解渴,12月6日,661-680.txt
crutch,n.&v.,拐杖；支撑,12月6日,661-680.txt
crux,v.&n.,关键,12月6日,661-680.txt
debase,n.,贬低.降低,12月6日,661-680.txt
expedite,v.,加快；促进,12月6日,661-680.txt
dally,v.,闲荡,12月6日,661-680.txt
nettle,v.&n.,刺激；荨麻,12月6日,661-680.txt
discursive,adj.,杂乱的,12月6日,661-680.txt
harbinger,n.&v.,先驱；预告,12月6日,661-680.txt
pellucid,adj.,透明的.清晰的,12月7日,681-700.txt
abstemious,adj.,有节制的.节约的,12月7日,681-700.txt
quaff,v.,痛饮,12月7日,681-700.txt
lug,v.,拖拉,12月7日,681-700.txt
deleterious,adj.,有害的,12月7日,681-700.txt
prolix,adj.,冗长的,12月7日,681-700.txt
mangy,adj.,污秽的.肮脏的,12月7日,681-700.txt
pseudonym,n.,假名,12月7日,681-700.txt
quandary,n.,困惑,12月7日,681-700.txt
subjugate,v.,征服,12月7日,681-700.txt
veneer,n.,掩饰层,12月8日,681-700.txt
idiosyncrasy,n.,特殊癖好,12月8日,681-700.txt
compendium,n.,纲要,12月8日,681-700.txt
stoic,n.,禁欲主义者,12月8日,681-700.txt
aphorism,n.,格言,12月8日,681-700.txt
encumber,v,阻塞；妨害,12月8日,681-700.txt
gloat,v,窃喜,12月8日,681-700.txt
vertigo,n.,眩晕,12月8日,681-700.txt
discretionary,adj.,分立的,12月8日,681-700.txt
dulcet,adj.,美妙的,12月8日,681-700.txt
circumlocution,n.,委婉曲折的说法,12月9日,701-720.txt
bootless,adj.,无用的,12月9日,701-720.txt
salubrious,adj.,清爽的,12月9日,701-720.txt
contentious,adj.,好争论的,12月9日,701-720.txt
misdemeanor,n.,轻罪；品行不端,12月9日,701-720.txt
pusillanimous,adj.,懦弱的；胆小的,12月9日,701-720.txt
delineate,v.,画出轮廓,12月9日,701-720.txt
parsimonious,adj.,小气的；太节省的,12月9日,701-720.txt
disconcert,v.,使惊慌失措；破坏,12月11日,701-720.txt
ill.bred,adj.,没有教养的,12月11日,701-720.txt
diaphanous,adj.,透明的,12月11日,701-720.txt
agape,adj.,张口结舌,12月11日,701-720.txt
callow,adj.,没经验的,12月11日,701-720.txt
foible,n.,缺点,12月11日,701-720.txt
acrimonious,adj.,严厉的,12月11日,701-720.txt
vim,n.,活力,12月11日,701-720.txt
waylay,v.,伏击.埋伏,12月11日,701-720.txt
eschew,v.,避开,12月11日,701-720.txt
sluggard,n.,懒鬼；游手好闲的人；,12月11日,701-720.txt
disavow,v.,不承认,12月11日,701-720.txt
largesse,n.,慷慨援助,12月11日,721-740.txt
altruism,n.,利他主义,12月11日,721-740.txt
smirk,n.&v.,傻笑,12月11日,721-740.txt
synopsis,n.,摘要,12月11日,721-740.txt
xenophobe,n.,仇视外国人的,12月11日,721-740.txt
cower,v.,畏缩,12月11日,721-740.txt
flippancy,n.,轻率,12月11日,721-740.txt
lush,adj.,草木茂盛的,12月11日,721-740.txt
cameo,n.,浮雕玉石,12月11日,721-740.txt
effusive,adj.,流出的,12月11日,721-740.txt
crescendo,n.,高潮；音乐渐强,12月11日,721-740.txt
antediluvian,adj.&n.,史前的,12月11日,721-740.txt
nudge,v.,轻推,12月12日,721-740.txt
barrage,v.&n.,阻击,12月12日,721-740.txt
viscid,adj.,粘的,12月12日,721-740.txt
diabolic,adj.,恶魔的,12月12日,721-740.txt
ramshackle,adj.,摇摇欲坠的,12月12日,721-740.txt
doff,v.,脱掉（外衣、帽子）,12月12日,721-740.txt
vendor,n.,小贩,12月12日,721-740.txt
prudish,adj.,装正经的,12月12日,721-740.txt
agog,adj.,兴奋的,12月12日,741-760.txt
abase,v.,贬低地位,12月12日,741-760.txt
crease,n.,皱痕,12月12日,741-760.txt
coma,n.,昏迷状态,12月12日,741-760.txt
plod,v.,沉重的走,12月12日,741-760.txt
impecunious,adj.,贫困的,12月12日,741-760.txt
fiasco,n.,大失败,12月12日,741-760.txt
abysmal,adj.,糟透的,12月12日,741-760.txt
encomium,n.,赞美,12月12日,741-760.txt
falccid,adj.,软弱的,12月12日,741-760.txt
cajole,v.,勾引；哄骗,12月12日,741-760.txt
vicissitude,n.,变迁；沧桑,12月12日,741-760.txt
madcap,n.,鲁莽的；热爱冒险的人,12月12日,741-760.txt
dolt,n.,笨蛋,12月12日,741-760.txt
ravish,v.,强奸,12月12日,741-760.txt
hallow,v.,尊敬；视为神圣,12月12日,741-760.txt
dour,adj.,严厉的；阴沉的,12月12日,741-760.txt
glutinous,adj.,粘的,12月13日,741-760.txt
decry,v.,谴责.责难,12月13日,741-760.txt
obstreperous,adj.,吵闹的；喧嚣的,12月13日,741-760.txt
prude,n.,过分守礼的人,12月13日,761-780.txt
polemic,n.&adj.,驳斥；争论；争论的,12月13日,761-780.txt
testy,adj.,性急的.暴躁的,12月13日,761-780.txt
grovel,v.,摇尾乞怜,12月13日,761-780.txt
bromide,n.,溴化物,12月13日,761-780.txt
veer,n.&v.,转向,12月13日,761-780.txt
cryptic,adj.,神秘的,12月13日,761-780.txt
unctuous,adj.,油腔滑调的；虚情假意的,12月13日,761-780.txt
coalesce,v.,联合,12月13日,761-780.txt
chromatic,adj.,彩色的,12月13日,761-780.txt
hyperbole,n.,夸张,12月13日,761-780.txt
sloppy,adj.,泥泞的；粗心的,12月13日,761-780.txt
reciprocate,v.,互换；,12月13日,761-780.txt
wheedle,v.,诱惑.欺骗,12月13日,761-780.txt
recant,v.,宣布放弃,12月13日,761-780.txt
effulgent,adj.,光辉的,12月13日,761-780.txt
piebalt,adj.,花斑的,12月13日,761-780.txt
satiate,v.&adj.,饱足的,12月13日,761-780.txt
condone,v.,宽恕,12月13日,761-780.txt
fallible,adj.,会犯错的,12月13日,761-780.txt
disgorge,v.,涌出,12月13日,781-800.txt
pariah,n.,被排斥的人,12月14日,781-800.txt
mollify,v.,安抚,12月14日,781-800.txt
turpitude,n.,邪恶.卑鄙的认为,12月14日,781-800.txt
crass,adj.,粗鲁的,12月14日,781-800.txt
eclectic,adj.,折衷的,12月14日,781-800.txt
rubicund,adj.,红润的,12月14日,781-800.txt
tyro,adj.,新手,12月14日,781-800.txt
rapport,n.,密切关系,12月14日,781-800.txt
neophyte,n.,初学者；新入教的,12月14日,781-800.txt
clot,v.,凝块,12月14日,781-800.txt
hegemony,n.,霸权；领导权,12月14日,781-800.txt
chameleon,n.,变色龙,12月14日,781-800.txt
fracas,n.,吵闹；争论,12月14日,781-800.txt
conundrum,n.,难题；谜语,12月14日,781-800.txt
sedulous,adj.,聚精会神的,12月14日,781-800.txt
gobble,v.,狼吞虎咽,12月14日,781-800.txt
ameliorate,v.,改善；改良,12月14日,781-800.txt
quixotic,adj.,堂吉诃德式的,12月14日,781-800.txt
pall,n.&v.,幕布；遮盖,12月14日,781-800.txt
abet,v.,唆使；怂恿,12月14日,801-820.txt
maelstrom,n.,大漩涡,12月14日,801-820.txt
dyspeptic,adj.&n.,消化不良（的）,12月14日,801-820.txt
antic,adj.,古怪的；滑稽可笑的,12月14日,801-820.txt
exonerate,v.,使免罪,12月14日,801-820.txt
jabber,n.&v.,急急忙忙的说,12月15日,801-820.txt
impugn,v.,指责；怀疑,12月15日,801-820.txt
connive,v.,默许.共谋,12月15日,801-820.txt
inconsequential,adj.,不重要的；不合理的,12月15日,801-820.txt
contumacious,adj.,顽固的；违抗的,12月15日,801-820.txt
refulgent,adj.,辉煌的；灿烂的,12月15日,801-820.txt
grandiloquent,adj.,夸张的,12月15日,801-820.txt
invigorate,v.,使精力充沛,12月15日,801-820.txt
delve,n.&v.,挖；洞,12月15日,801-820.txt
dabble,v.,在水边玩,12月15日,801-820.txt
infuriate,v.,极为愤怒,12月15日,801-820.txt
egoistic,adj.,自我为中心,12月15日,801-820.txt
abrogate,n.&v.,废除,12月15日,801-820.txt
hanker,v.,渴望；追求,12月15日,801-820.txt
protuberant,adj.,突出的；隆起的,12月15日,801-820.txt
paean,n.,欢乐颂；赞美歌,12月15日,821-840.txt
laudatory,adj.,表扬的；赞扬的,12月15日,821-840.txt
sulk,n.&v.,生气；愠怒,12月15日,821-840.txt
favoritism,n.,偏爱,12月15日,821-840.txt
exorcise,v.,驱邪,12月15日,821-840.txt
ironclad,adj.,坚固的；装铁甲的,12月15日,821-840.txt
hearten,v.,鼓励,12月15日,821-840.txt
impeccable,adj.,没有瑕疵的,12月15日,821-840.txt
promulgate,v.,公布；传播,12月15日,821-840.txt
moribund,adj.,濒临失败的；,12月15日,821-840.txt
brandish,v.&n.,挥舞,12月16日,821-840.txt
compliant,adj.,顺从的,12月16日,821-840.txt
idyll,n.,田园诗,12月16日,821-840.txt
lampoon,n.&v.,讽刺文章,12月16日,821-840.txt
vacuous,adj.,空虚的；空的,12月16日,821-840.txt
furor,n.,狂热,12月16日,821-840.txt
sycophant,n.,马屁精,12月16日,821-840.txt
temporize,v.,拖延；妥协,12月16日,821-840.txt
hoodwink,v.,欺骗；蒙蔽,12月16日,821-840.txt
peripatetic,adj.,漫游的；逍遥学派的,12月16日,821-840.txt
gambol,n.,嬉戏,12月16日,841-860.txt
shackle,n.,枷锁,12月16日,841-860.txt
saccharine,adj.,像糖一样的；矫情的,12月16日,841-860.txt
singe,n.&v.,烧焦,12月16日,841-860.txt
elephantine,adj.,巨大的；笨拙的,12月16日,841-860.txt
endemic,adj.,地方性的,12月16日,841-860.txt
ruminate,v.,反刍；深思,12月16日,841-860.txt
desecrate,v.,亵渎,12月16日,841-860.txt
estrange,v.,使疏远,12月16日,841-860.txt
detritus,n.,碎石,12月16日,841-860.txt
nugatory,adj.,无价值的；琐碎的,12月16日,841-860.txt
nadir,n.,最低点,12月16日,841-860.txt
mellifluous,adj.,优美的,12月16日,841-860.txt
unwitting,adj.,不知情的；无意的,12月16日,841-860.txt
cachet,n.,证明品质优良的标志,12月16日,841-860.txt
vitiate,v.,污损；损坏,12月17日,841-860.txt
rescind,v.,废除；撤回,12月17日,841-860.txt
abominate,v.&n.,憎恶（者）,12月17日,841-860.txt
drivel,n.&v.,胡言乱语,12月17日,841-860.txt
blurt,v.,突然说出,12月17日,841-860.txt
countermand,v.,撤回.取消,12月17日,861-880.txt
swill,n.&v.,痛饮；,12月17日,861-880.txt
clement,adj.,天气温和,12月17日,861-880.txt
soporific,adj.,催眠的,12月17日,861-880.txt
rankle,v.,怨恨,12月17日,861-880.txt
stickler,n.,坚持细节的人,12月17日,861-880.txt
natty,adj.,整洁的；干净的,12月17日,861-880.txt
vilify,v.,辱骂；诽谤,12月17日,861-880.txt
tenuous,adj.,脆弱的；稀薄的,12月17日,861-880.txt
disabuse,v.,解迷惑；释疑,12月17日,861-880.txt
placate,v.,安抚,12月17日,861-880.txt
dissonance,n.,不一致；,12月17日,861-880.txt
rigmarole,n.,冗长无聊的废话,12月17日,861-880.txt
malcontent,n.&adj.,不满的（人）,12月17日,861-880.txt
recuperate,v.,恢复健康；重新得到,12月17日,861-880.txt
inchoate,adj.,没有充分发展的；早期的,12月17日,861-880.txt
archetype,n.,典型,12月17日,861-880.txt
martinet,n.,纪律严明的人,12月17日,861-880.txt
seminal,adj.,重要的；精液的；种子的,12月17日,861-880.txt
mawkish,adj.,令人厌恶的；伤感的,12月17日,861-880.txt
splice,v.&n.,衔接处,12月18日,881-900.txt
euphemism,n.,委婉的说法,12月18日,881-900.txt
apocalyptic,adj.,预示灾祸的,12月18日,881-900.txt
comity,n.,社会和谐,12月18日,881-900.txt
perquisite,n.,固定津贴,12月18日,881-900.txt
tiff,n.,口角,12月18日,881-900.txt
verve,n.,热情,12月18日,881-900.txt
ratiocination,n.,推理,12月18日,881-900.txt
adulterate,v.&n.,掺假,12月18日,881-900.txt
vagary,n.,独特行为,12月18日,881-900.txt
plethora,n.,过多,12月18日,881-900.txt
suture,v.&n.,缝合,12月18日,881-900.txt
instigate,v.,煽动,12月18日,881-900.txt
somatic,adj.,肉体的,12月18日,881-900.txt
camaraderie,n.,友情,12月18日,881-900.txt
amalgamate,v.,合并,12月18日,881-900.txt
diocesan,adj.,主教管区的,12月18日,881-900.txt
septic,adj.,受感染的,12月18日,881-900.txt
forebode,v.,预兆,12月18日,881-900.txt
gauche,adj.,笨拙的,12月18日,881-900.txt
sapient,adj.,聪明的,12月18日,901-920.txt
mendacious,adj.,虚假的；撒谎的,12月18日,901-920.txt
persiflage,n.,挖苦,12月18日,901-920.txt
inveigle,v.,诱骗；诱惑,12月18日,901-920.txt
lachrymose,adj.,催泪的,12月19日,901-920.txt
feral,adj.,野生的,12月19日,901-920.txt
oscillate,v.,犹豫；摆动,12月19日,901-920.txt
exigent,adj.,迫近的；紧急的,12月19日,901-920.txt
curmudgeon,n.,脾气暴躁的人,12月19日,901-920.txt
malodorous,adj.,有恶臭的,12月19日,901-920.txt
pilfer,v.,偷窃,12月19日,901-920.txt
caveat,n.,警告,12月19日,901-920.txt
waddle,v.,小步摇摆走,12月19日,901-920.txt
euphonious,adj.,好听的；悦耳的,12月19日,901-920.txt
shipshape,adj.,整整齐齐的,12月19日,901-920.txt
croon,v.,低声说话或者唱歌,12月19日,901-920.txt
vignette,n.,小插图,12月19日,901-920.txt
stigmatize,v.,污蔑,12月19日,901-920.txt
hone,n.&v.,磨刀（石）,12月19日,901-920.txt
diatribe,n.,诽谤.恶骂,12月19日,901-920.txt
therapeutic,adj.,治疗的,12月19日,921-940.txt
meander,n.&v.,蜿蜒而行,12月19日,921-940.txt
inure,v.,使适应,12月19日,921-940.txt
pivotal,adj.,关键的,12月19日,921-940.txt
browbeat,v.,恫吓,12月19日,921-940.txt
verbose,adj.,冗长的；啰嗦的,12月19日,921-940.txt
savvy,adj.&n.&v.,老练.机智,12月19日,921-940.txt
doctrinaire,adj.,教条主义的,12月19日,921-940.txt
stultify,v.,愚弄,12月20日,921-940.txt
filibuster,n.&v.,冗长演说,12月20日,921-940.txt
fledgling,n.,刚学飞的鸟；新手,12月20日,921-940.txt
lacerate,v.,划破.撕裂,12月20日,921-940.txt
antagonize,v.,敌对；反抗,12月20日,921-940.txt
embolden,v.,鼓励；使勇敢,12月20日,921-940.txt
enunciate,v.,发音,12月20日,921-940.txt
cloying,adj.,甜的发腻,12月20日,921-940.txt
germane,adj.,有密切关系的,12月20日,921-940.txt
toady,n.,谄媚,12月20日,921-940.txt
fulminate,v.,怒骂,12月20日,921-940.txt
eleemosynary,adj.,施舍的,12月20日,921-940.txt
oaf,n.,愚蠢的人,12月20日,941-960.txt
iconoclast,n.,攻击传统观念或者风俗的人,12月20日,941-960.txt
fluster,n.&v.,慌乱,12月20日,941-960.txt
bawdy,adj.,讲黄色笑话的,12月20日,941-960.txt
cornucopia,n.,象征丰收的羊角,12月20日,941-960.txt
enervate,v.,使虚弱,12月20日,941-960.txt
congeal,v.,凝结,12月20日,941-960.txt
proscribe,v.,剥夺权力；禁止,12月20日,941-960.txt
teeming,adj.,多产的；丰富的；热闹的,12月20日,941-960.txt
aggrandize,v.,增大；夸大,12月20日,941-960.txt
imbroglio,n.,纠纷,12月20日,941-960.txt
charade,n.,看手势猜字谜,12月20日,941-960.txt
nexus,n.,关系.连结,12月21日,941-960.txt
parch,v.,烤干,12月21日,941-960.txt
tantalize,v.,挑逗,12月21日,941-960.txt
narcissism,n.,自恋,12月21日,941-960.txt
abscond,v.,逃匿.潜逃,12月21日,941-960.txt
roster,n.&v.,花名册,12月21日,941-960.txt
cherubic,adj.,可爱的,12月21日,941-960.txt
disperate,adj.,不同的,12月21日,941-960.txt
rile,v.,刺激；惹怒,12月21日,961-980.txt
distal,adj.,末梢的,12月21日,961-980.txt
goggle,n.,睁大眼睛看,12月21日,961-980.txt
bash,n.&v.,猛击,12月21日,961-980.txt
gullible,adj.,易受骗的,12月21日,961-980.txt
bumptious,adj.,专横傲慢的,12月21日,961-980.txt
accolade,n.&v.,同意.赞赏,12月21日,961-980.txt
prevaricate,v.,支吾.搪塞,12月21日,961-980.txt
misconstrue,v.,误解,12月21日,961-980.txt
poach,v.,水煮,12月21日,961-980.txt
deify,v.,奉为神；崇拜,12月21日,961-980.txt
inadvertent,adj.,疏忽的,12月21日,961-980.txt
yokel,n.,乡巴佬,12月21日,961-980.txt
reprehend,v.,指责.批评,12月21日,961-980.txt
purloin,v.,偷窃,12月21日,961-980.txt
axiomatic,adj.,公理的,12月21日,961-980.txt
daredevil,n.&adj.,蛮勇的（人）,12月22日,961-980.txt
ream,n.&v.,榨取；纸张单位,12月22日,961-980.txt
purvey,v.,供给,12月22日,961-980.txt
fecund,adj.,肥沃的.多产的,12月22日,961-980.txt
tantrum,n.,脾气发作的,12月22日,981-1000.txt
brash,adj.,无礼的,12月22日,981-1000.txt
glower,v.,怒目而视,12月22日,981-1000.txt
wastrel,n,败家子,12月22日,981-1000.txt
perforate,v.,穿孔,12月22日,981-1000.txt
vacillate,v.,犹豫.摇摆,12月22日,981-1000.txt
malaise,n.,不舒服,12月22日,981-1000.txt
coagulate,v.,使凝结,12月22日,981-1000.txt
procrastinate,v.,拖延,12月22日,981-1000.txt
irk,v.,厌烦；惹恼,12月22日,981-1000.txt
nirvana,n.,涅槃,12月22日,981-1000.txt
metamorphose,v.,使变形,12月22日,981-1000.txt
spate,n.,短时间出现的大量事物,12月22日,981-1000.txt
effluvium,n.,难闻的气味,12月22日,981-1000.txt
exude,v.,慢慢流出,12月22日,981-1000.txt
grandstand,n.,看台,12月22日,981-1000.txt
jejune,adj.,空洞的；无聊的；不成熟的,12月22日,981-1000.txt
gadfly,n.,牛虻,12月22日,981-1000.txt
feckless,adj.,无效的；没有长远目标的,12月22日,981-1000.txt
protean,adj.,变化多端的,12月23日,981-1000.txt
waffle,n.,华夫饼,12月23日,1001-1020.txt
disenchant,v.,使觉悟.摆脱幻想,12月23日,1001-1020.txt
suffuse,v.,弥漫,12月23日,1001-1020.txt
infelicitous,adj.,不妥当的.不得体的,12月23日,1001-1020.txt
discomit,v.,挫败.扰乱,12月23日,1001-1020.txt
disinter,v.,发掘出,12月23日,1001-1020.txt
miff,n.,恼怒,12月23日,1001-1020.txt
debacle,n.,灾害,12月23日,1001-1020.txt
machination,n.,阴谋,12月23日,1001-1020.txt
brunish,v.,擦亮,12月23日,1001-1020.txt
vitriolic,adj.,刻薄的,12月23日,1001-1020.txt
enfranchise,v.,给予选举权,12月23日,1001-1020.txt
turncoat,n.,叛徒,12月23日,1001-1020.txt
ebullient,adj.,热情洋溢的,12月23日,1001-1020.txt
quash,v.,镇压.平息,12月23日,1001-1020.txt
adjudicate,v.&n.,判决,12月23日,1001-1020.txt
stodgy,adj.,平凡的,12月23日,1001-1020.txt
pundit,n.,博学家.评论家,12月23日,1001-1020.txt
wobble,v.&n.,摇摆不定地走,12月23日,1001-1020.txt
sacrosanct,adj.,不可改变的,12月23日,1001-1020.txt
potable,adj.,适于饮用的,12月23日,1021-1040.txt
convoluted,adj.,费解的.十分复杂的,12月23日,1021-1040.txt
pulverize,v.,粉碎,12月23日,1021-1040.txt
subliminal,adj.,潜意识的,12月23日,1021-1040.txt
rapprochement,n.,恢复邦交,12月24日,1021-1040.txt
infatuate,v.,使迷恋,12月24日,1021-1040.txt
lopsided,adj.,不平衡的,12月24日,1021-1040.txt
doldrums,n.,无风带,12月24日,1021-1040.txt
enthrall,v.,迷惑,12月24日,1021-1040.txt
 immure,v.,监禁,12月24日,1021-1040.txt
boggle,v.,惊恐；使困惑,12月24日,1021-1040.txt
perspicacious,adj.,聪颖的,12月24日,1021-1040.txt
sartorial,adj.,裁缝的,12月24日,1021-1040.txt
careen,n.&v.,侧倾,12月24日,1021-1040.txt
douse,v.,浸入水中,12月24日,1021-1040.txt
attenuate,v.,变薄,12月24日,1021-1040.txt
emollient,n.,润肤剂,12月24日,1021-1040.txt
nonplus,n.&v.,使窘困,12月24日,1021-1040.txt
minatory,adj.,有威胁的,12月24日,1021-1040.txt
ancillary,adj.,辅助的,12月24日,1021-1040.txt
recessive,adj.,隐性的.逆行的,12月24日,1041-1060.txt
commingle,v.,混合,12月24日,1041-1060.txt
hedonism,n.,享乐主义,12月24日,1041-1060.txt
squelch,n.&v.,吧唧声,12月24日,1041-1060.txt
arcane,adj,神秘的,12月24日,1041-1060.txt
deject,v.&adj.,使灰心；沮丧的,12月24日,1041-1060.txt
perambulate,v.,巡视；散步,12月24日,1041-1060.txt
sybarite,n.,沉溺于逸乐的人,12月24日,1041-1060.txt
effervasce,v., 冒泡.热情洋溢,12月25日,1041-1060.txt
paranoid,adj.,偏执狂的；过分怀疑的,12月25日,1041-1060.txt
preen,v.,整理,12月25日,1041-1060.txt
doodle,v.,乱画,12月25日,1041-1060.txt
ethos,n.,群体或者组织的指导理念,12月25日,1041-1060.txt
epitomize,v.,成为缩影,12月25日,1041-1060.txt
scintillate,v.,闪烁,12月25日,1041-1060.txt
hermetic,adj.,密封的,12月25日,1041-1060.txt
hamstring,n.,腿筋,12月25日,1041-1060.txt
cacophony,n.,不和谐的音,12月25日,1041-1060.txt
besmirch,v.,诽谤,12月25日,1041-1060.txt
surrogate,v.&n.,代理,12月25日,1041-1060.txt
poseur,n.,装模做样的人,12月25日,1061-1080.txt
garble,v.,使混乱,12月25日,1061-1080.txt
hangdog,adj.,伤心的,12月25日,1061-1080.txt
canard,n.,误传.谣言,12月25日,1061-1080.txt
embezzle,v.,盗用.从信任你的人那偷钱,12月25日,1061-1080.txt
scrimp,adj.,吝啬的,12月25日,1061-1080.txt
belabor,v.,反复说.抨击,12月25日,1061-1080.txt
nauseate,v.,让人作呕,12月25日,1061-1080.txt
agonize,v.,极大的痛苦,12月25日,1061-1080.txt
coda,n.,结尾,12月25日,1061-1080.txt
hidebound,adj.,死板的.顽固的,12月25日,1061-1080.txt
hallmark,n.,金质品的纯度标签,12月26日,1061-1080.txt
macerate,v.,浸软.销售,12月26日,1061-1080.txt
kudos,n.,荣誉,12月26日,1061-1080.txt
galvanize,v.,镀锌,12月26日,1061-1080.txt
wanderlust,n.,旅游的欲望,12月26日,1061-1080.txt
pejorative,adj.&n.、,轻蔑的（话）,12月26日,1061-1080.txt
castigate,v.,严厉批评,12月26日,1061-1080.txt
stoke,v.,添加燃料,12月26日,1061-1080.txt
debilitate,v.,使衰弱,12月26日,1061-1080.txt
abash,v.&adj.,使局促不安；窘迫的,12月26日,1081-1100.txt
leery,adj.,狡猾的,12月26日,1081-1100.txt
posit,v.&n.,假定；论断,12月26日,1081-1100.txt
etch,n.&v.,蚀刻,12月26日,1081-1100.txt
molt,v.,换毛（期）,12月26日,1081-1100.txt
denude,v.,脱去,12月26日,1081-1100.txt
contort,v.,扭曲,12月26日,1081-1100.txt
beleaguer,v.,围攻,12月26日,1081-1100.txt
anachronistic,adj.,时代错误的,12月26日,1081-1100.txt
patina,n.,绿锈,12月26日,1081-1100.txt
myopic,n.&adj.,近视（的）,12月26日,1081-1100.txt
excrete,v.,排泄,12月26日,1081-1100.txt
manumit,v.,解放,12月26日,1081-1100.txt
macabre,adj.,骇人的,12月26日,1081-1100.txt
berate,v.,猛烈责骂,12月26日,1081-1100.txt
bumble,v.,嗡嗡叫,12月26日,1081-1100.txt
truncate,v.&adj.,截短（的）,12月27日,1081-1100.txt
annotate,v.&n.,注释（者）,12月27日,1081-1100.txt
indurate,v.&adj.,变坚固；（变）冷酷,12月27日,1081-1100.txt
decant,v.,轻轻倒出,12月27日,1081-1100.txt
victimize,v.,使受害,12月27日,1101-1120.txt
abrade,v.,磨损,12月27日,1101-1120.txt
juggernaut,n.,不可停止的强大力量,12月27日,1101-1120.txt
demotic,adj.,通俗的.民众的,12月27日,1101-1120.txt
dichotomy,n.,二分.本质对立；（相反的两个事物的差别）,12月27日,1101-1120.txt
congruent,adj.,全等的,12月27日,1101-1120.txt
plangent,adj.,轰鸣的.悲切的,12月27日,1101-1120.txt
matriculate,v.&n.,准许入学（的人）,12月27日,1101-1120.txt
cosset,v.&n.,宠爱（的物）,12月27日,1101-1120.txt
jettison,v.&n.,向外抛弃,12月27日,1101-1120.txt
belligerence,n.,好战,12月27日,1101-1120.txt
roil,v.,惹怒.让沮丧,12月27日,1101-1120.txt
eavesdrop,v.,偷听,12月27日,1101-1120.txt
raffish,adj.,轻浮的,12月27日,1101-1120.txt
heckle,v.&n.,刁难.起哄,12月27日,1101-1120.txt
quotidian,adj.,每天的,12月27日,1101-1120.txt
glitch,n.,小故障,12月27日,1101-1120.txt
undergird,v.,巩固底部.加强,12月27日,1101-1120.txt
ostracize,v.,放逐,12月27日,1101-1120.txt
ineluctable,adj.,不可改变的,12月27日,1101-1120.txt
pleat,n.,褶,12月27日,1121-1140.txt
excoriate,v.,严厉批评,12月28日,1121-1140.txt
accrete,v.,一起增长,12月28日,1121-1140.txt
stasis,n.,平衡.停滞,12月28日,1121-1140.txt
lackluster,n.&adj.,没有光泽（的）,12月28日,1121-1140.txt
hubris,n.,傲慢,12月28日,1121-1140.txt
emaciate,v.,使消瘦.使衰弱,12月28日,1121-1140.txt
pulchritude,n.,漂亮,12月28日,1121-1140.txt
svelte,adj.,体态苗条的,12月28日,1121-1140.txt
jingoist,n.,沙文主义者,12月28日,1121-1140.txt
cadge,v.,乞求.行乞,12月28日,1121-1140.txt
incubate,v.,孵卵,12月28日,1121-1140.txt
rookie,n.,新手,12月28日,1121-1140.txt
teeter,v.,使摇摆,12月28日,1121-1140.txt
minutia,n.,小细节,12月28日,1121-1140.txt
tangy,adj.,像柠檬一样酸的.有刺激性的,12月28日,1121-1140.txt
hodgepodge,n.,大杂烩,12月28日,1121-1140.txt
cavort,v.,欢快的蹦走,12月28日,1121-1140.txt
moratorium,n.,暂停,12月28日,1121-1140.txt
obfuscate,v.,复杂难以理解的,12月28日,1121-1140.txt
aggrieve,v.,使悲痛,12月28日,1141-1160.txt
panache,n.,羽饰,12月28日,1141-1160.txt
faze,v.,使慌乱,12月28日,1141-1160.txt
bifurcate,v.,分为两支,12月28日,1141-1160.txt
proselytize,v.,使皈依,12月28日,1141-1160.txt
spoof,n.&v.,对电影等滑稽的模仿；揶揄,12月28日,1141-1160.txt
deadpan,adj.,面无表情的,12月29日,1141-1160.txt
divestiture,n.,剥夺.脱衣,12月29日,1141-1160.txt
dilapidate,v.,毁坏.荒废,12月29日,1141-1160.txt
scads,n.,大量,12月29日,1141-1160.txt
draconian,adj.,严峻的,12月29日,1141-1160.txt
footloose,adj.,自由自在的,12月29日,1141-1160.txt
repatriate,v.,遣返,12月29日,1141-1160.txt
primp,v.,精心打扮,12月29日,1141-1160.txt
preempt,v.,制止,12月29日,1141-1160.txt
analgesic,adj.,阵痛的,12月29日,1141-1160.txt
rambunctious,adj.,难控制的,12月29日,1141-1160.txt
collude,v.,共谋,12月29日,1141-1160.txt
tycoon,n.,有钱有势的大企业家,12月29日,1141-1160.txt
decode,v.,解码,12月29日,1141-1160.txt
placebo,n.,安慰剂,12月29日,1161-1180.txt
lambaste,v.,严责.痛骂,12月29日,1161-1180.txt
expurgate,v.,净化,12月29日,1161-1180.txt
self.abasement,n.,自卑.自谦,12月29日,1161-1180.txt
acclimate,v.,适应新环境,12月29日,1161-1180.txt
bask,v.,晒太阳,12月29日,1161-1180.txt
intransigent,adj.,固执的,12月29日,1161-1180.txt
lionize,v.,崇拜,12月29日,1161-1180.txt
proponent,n.,支持者,12月29日,1161-1180.txt
beige,n.&adj.,米黄色（的）,12月29日,1161-1180.txt
conflate,v.,合并,12月30日,1161-1180.txt
labile,adj.,易变化的.不稳定的,12月30日,1161-1180.txt
serendipity,n.,机缘巧合,12月30日,1161-1180.txt
stymie,v.,妨碍.阻止,12月30日,1161-1180.txt
discombobulate,v.,使困惑,12月30日,1161-1180.txt
offbeat,adj.,离奇的,12月30日,1161-1180.txt
foolproof,adj.,万无一失的,12月30日,1161-1180.txt
concatenate,v.&adj.,连锁（的）,12月30日,1161-1180.txt
gaffe,n.,失态,12月30日,1161-1180.txt
cronyism,n.,任人唯亲,12月30日,1161-1180.txt
counterproductive,adj.,反效果的,12月30日,1181-1200.txt
backfire,v.,逆火；产生事与愿违的结果,12月30日,1181-1200.txt
malinger,v.,装病逃避工作,12月30日,1181-1200.txt
charisma,n.,魅力,12月30日,1181-1200.txt
calibrate,v.,校准,12月30日,1181-1200.txt
imprecise,adj.,不精确的,12月30日,1181-1200.txt
sequela,n.,后遗症,12月30日,1181-1200.txt
stonewell,v.,阻碍,12月30日,1181-1200.txt
defuse,v.,拆除炸弹的引信；平息,12月30日,1181-1200.txt
incinerate,v.,完全焚化,12月30日,1181-1200.txt
desiccate,v.,完全干涸,12月30日,1181-1200.txt
underdog,n.,输家.受害者,12月30日,1181-1200.txt
denigrate,v.,抹黑,12月30日,1181-1200.txt
pandemic,adj.,（疾病）流行的,12月30日,1181-1200.txt
ingest,v.,咽下.摄取,12月30日,1181-1200.txt
serried,adj.,密集的.林立的,12月31日,1181-1200.txt
stricture,n.,谴责；束缚,12月31日,1181-1200.txt
revelry,n.,狂欢,12月31日,1181-1200.txt
hortative,adj.,激励的,12月31日,1181-1200.txt
valediction,n.,告别演说,12月31日,1181-1200.txt
dissect,v.,解剖,12月31日,1201-1220.txt
retrench,v.,节省,12月31日,1201-1220.txt
reverberate,v.,弹回.反复弹起的声音,12月31日,1201-1220.txt
fluky,adj.,侥幸的.偶然的,12月31日,1201-1220.txt
fail.safe,n.&adj.,保险措施；万无一失的,12月31日,1201-1220.txt
spindly,adj.,纺锤形的,12月31日,1201-1220.txt
smarmy,adj.,迎奉的.讨好的,12月31日,1201-1220.txt
extrapolate,v.,进行推断,12月31日,1201-1220.txt
disinfect,v.,消毒,12月31日,1201-1220.txt
stipple,v.,点画,12月31日,1201-1220.txt
offish,adj.,冷淡的.疏远的,12月31日,1201-1220.txt
bruit,v.&n.,谣传；传谣,12月31日,1201-1220.txt
nitpick,v.,挑剔,12月31日,1201-1220.txt
grueling,adj.,折磨人的.难的；,12月31日,1201-1220.txt
categorical,adj.,直截了当的；属于某一类的,12月31日,1201-1220.txt
veracious,adj.,诚实的,12月31日,1201-1220.txt
retouch,v.&n.,润饰（改善表面）,12月31日,1201-1220.txt
teetotalism,n.,禁酒,1月1日,1201-1220.txt
voyeur,n.,窥淫狂者,1月1日,1201-1220.txt
wizen,v.&adj.,凋谢.枯萎（的）,1月1日,1201-1220.txt
debark,v.,下船.登陆,1月1日,1221-1240.txt
vituperate,v.,痛斥,1月1日,1221-1240.txt
prepossessing,adj.,给人好感的.有魅力的,1月1日,1221-1240.txt
exult,v.,狂喜,1月1日,1221-1240.txt
prowess,n.,超凡的技术,1月1日,1221-1240.txt
arresting,adj.,引人注目的,1月1日,1221-1240.txt
dispassionate,adj.,平心静气的.不带感情的,1月1日,1221-1240.txt
off.key,adj.,不和谐的,1月1日,1221-1240.txt
churl,n.,吝啬鬼,1月1日,1221-1240.txt
synchronous,adj.,同时的,1月1日,1221-1240.txt
misapprehension,n.,错误的理解,1月1日,1221-1240.txt
licentious,adj.,纵欲的,1月1日,1221-1240.txt
buttress,n.,拱壁,1月1日,1221-1240.txt
rumple,v.&n.,弄皱；皱纹,1月1日,1221-1240.txt
dolorous,adj.,忧伤的.悲痛的,1月1日,1221-1240.txt
condole,v.,慰问.哀悼,1月1日,1221-1240.txt
discompose,v.,使烦恼.使失态,1月1日,1221-1240.txt
mannered,adj.,装模做样的,1月1日,1221-1240.txt
discommode,v.,使不方便,1月1日,1221-1240.txt
rostrum,n.,讲坛,1月1日,1221-1240.txt
riveting,adj.,非常精彩的,1月1日,1241-1260.txt
nonentity,n.,虚无；无能力的人,1月1日,1241-1260.txt
votary,n.,支持者,1月2日,1241-1260.txt
privation,n.,缺乏,1月2日,1241-1260.txt
supine,adj.,仰卧的,1月2日,1241-1260.txt
ubiquitous,adj.,普遍存在的,1月2日,1241-1260.txt
supplicate,v.,恳求,1月2日,1241-1260.txt
cloudburst,n.,暴雨,1月2日,1241-1260.txt
raspy,adj.,声音沙哑的,1月2日,1241-1260.txt
slovenly,adj.,不整洁的,1月2日,1241-1260.txt
impenitent,adj.,不悔悟的,1月2日,1241-1260.txt
implode,v.,向内爆炸,1月2日,1241-1260.txt
savant,n.,博学之士,1月2日,1241-1260.txt
sweltering,adj.,酷热的,1月2日,1241-1260.txt
fretful,adj.,烦躁的.焦躁的,1月2日,1241-1260.txt
friable,adj.,易碎的,1月2日,1241-1260.txt
loutish,adj.,粗野的.笨拙的,1月2日,1241-1260.txt
aspetic,adj.,无菌的.洁净的,1月2日,1241-1260.txt
asperity,n.,粗糙；气候严酷,1月2日,1241-1260.txt
coltish,adj.,放浪不拘的,1月2日,1241-1260.txt
full.bodied,adj.,浓郁的,1月2日,1261-1280.txt
commodious,adj.,宽敞的,1月2日,1261-1280.txt
willful,adj.,任性的,1月2日,1261-1280.txt
complaisance,n.,迁就,1月2日,1261-1280.txt
dissension,n.,意见分歧,1月2日,1261-1280.txt
tatty,adj.,老旧的；不整洁的,1月2日,1261-1280.txt
fitful,adj.,不定的；老旧的,1月2日,1261-1280.txt
unassailable,adj.,无可争辩的,1月2日,1261-1280.txt
ceremonious,adj.,隆重的,1月2日,1261-1280.txt
seamy,adj.,丑恶的,1月2日,1261-1280.txt
superimpose,v.,叠放,1月2日,1261-1280.txt
pucker,v.,折叠；缩拢,1月2日,1261-1280.txt
unflappable,adj.,镇定自若的,1月3日,1261-1280.txt
zeaplot,n.,狂热分子,1月3日,1261-1280.txt
frosty,adj.,结霜的,1月3日,1261-1280.txt
shiftless,adj.,没有动力的,1月3日,1261-1280.txt
willy.nilly,adj.,随意的,1月3日,1261-1280.txt
ingratiating,adj.,讨好的,1月3日,1261-1280.txt
ascendant,adj.&n.,上升的；优势,1月3日,1261-1280.txt
montage,n.,蒙太奇,1月3日,1261-1280.txt
indoctrinate,v.,灌输思想,1月3日,1281-1300.txt
sere,adj.,干枯的.凋萎的,1月3日,1281-1300.txt
indecorous,adj.,不得体的,1月3日,1281-1300.txt
convalesce,v.,渐渐康复,1月3日,1281-1300.txt
splutter,n.,急忙说的话,1月3日,1281-1300.txt
featureless,adj.,缺乏特征的,1月3日,1281-1300.txt
remodel,v.,重塑,1月3日,1281-1300.txt
cononize,v.,成为圣徒；褒扬,1月3日,1281-1300.txt
euphoria,n.,极度愉悦,1月3日,1281-1300.txt
amity,n.,友好关系,1月3日,1281-1300.txt
sparing,adj.,节制的,1月3日,1281-1300.txt
provisory,adj.,有附带条件的,1月3日,1281-1300.txt
immemorial,adj.,太古的,1月3日,1281-1300.txt
feisty,adj.,好斗的,1月3日,1281-1300.txt
wiretap,n.&v.,窃听,1月3日,1281-1300.txt
zesty,adj.,强的愉悦的味道,1月3日,1281-1300.txt
eclat,n.,喝彩；辉煌成就；,1月3日,1281-1300.txt
maladroit,adj.,笨拙的,1月3日,1281-1300.txt
attune,v.,调音；使协调（更好理解）,1月3日,1281-1300.txt
smother,v.,窒息,1月3日,1281-1300.txt
bracing,adj.,振奋精神的,1月4日,1301-1320.txt
respire,v.,呼吸,1月4日,1301-1320.txt
turgid,adj.,浮肿的,1月4日,1301-1320.txt
hard.bitten,adj.,顽强的,1月4日,1301-1320.txt
preposterous,adj.,荒谬的,1月4日,1301-1320.txt
resplendent,adj.,华丽的,1月4日,1301-1320.txt
mataphysical,adj.,形而上学的,1月4日,1301-1320.txt
arrhythmic,adj.,没有节奏的,1月4日,1301-1320.txt
mollycoddle,v.&n.,娇惯；娇生惯养的人,1月4日,1301-1320.txt
plenitude,n.,充分；大量,1月4日,1301-1320.txt
somnolence,n.,困倦,1月4日,1301-1320.txt
reconstitude,v.,重新组成,1月4日,1301-1320.txt
diehard,n.&adj.,顽固分子；顽固的,1月4日,1301-1320.txt
intoxicant,adj.,醉人的,1月4日,1301-1320.txt
evanescent,adj.,短暂的,1月4日,1301-1320.txt
anemic,adj.,贫血的,1月4日,1301-1320.txt
bungle,v.&n.,办糟；失败,1月4日,1301-1320.txt
limber,adj.,柔软的,1月4日,1301-1320.txt
mockery,n.,嘲笑,1月4日,1301-1320.txt
blase,adj.,厌倦的,1月4日,1301-1320.txt
susceptibility,n.,易感性的,1月4日,1321-1340.txt
figurine,n.,小雕像,1月4日,1321-1340.txt
estimable,adj.,可尊敬的,1月4日,1321-1340.txt
sodden,adj.,湿透的,1月4日,1321-1340.txt
intemperate,adj.,放纵的,1月4日,1321-1340.txt
equable,adj.,温和的；稳定的,1月4日,1321-1340.txt
grisly,adj.,恐怖的,1月4日,1321-1340.txt
epigram,n.,机制的言语,1月4日,1321-1340.txt
epicure,n.,美食家,1月4日,1321-1340.txt
warmonger,n.,战争贩子,1月4日,1321-1340.txt
abnegate,v.,放弃.舍弃,1月5日,1321-1340.txt
unexceptionable,adj.,无懈可击的.完美的,1月5日,1321-1340.txt
slew,n.,大量,1月5日,1321-1340.txt
gawky,adj.,笨拙的,1月5日,1321-1340.txt
exculpate,v.,声明无罪,1月5日,1321-1340.txt
scrutable,adj.,可理解的,1月5日,1321-1340.txt
earsplitting,adj.,震耳欲聋的,1月5日,1321-1340.txt
acquisitive,adj.,物欲重的,1月5日,1321-1340.txt
spendthrift,adj.,挥霍无度的,1月5日,1321-1340.txt
demote,v.,降职,1月5日,1321-1340.txt
pillory,v.,给上手枷；使嘲笑,1月5日,1341-1360.txt
incriminate,v.,控告,1月5日,1341-1360.txt
calumniate,v.,诽谤.诬陷,1月5日,1341-1360.txt
germinate,v.,发芽.生长,1月5日,1341-1360.txt
renege,v.,食言.背弃,1月5日,1341-1360.txt
extenuate,v.,减轻,1月5日,1341-1360.txt
corrugated,adj.,褶皱的,1月5日,1341-1360.txt
remunerate,v.,给予报酬,1月5日,1341-1360.txt
remonstrance,n.,抗议,1月5日,1341-1360.txt
clarion,n.,号角,1月5日,1341-1360.txt
benificent,adj.,慈善的；善行的,1月5日,1341-1360.txt
chauvinistic,adj.,沙文主义的,1月5日,1341-1360.txt
mutate,v.,编译,1月5日,1341-1360.txt
mangle,v.,损毁,1月5日,1341-1360.txt
requite,v.,报答,1月5日,1341-1360.txt
debunk,v.,证明为假.揭穿真面目,1月5日,1341-1360.txt
execrate,v.,谴责,1月5日,1341-1360.txt
smattering,n.&adj.,浅薄的知识.少量；肤浅的.少许的,1月5日,1341-1360.txt
brassy,adj.,黄铜的；刺耳的,1月6日,1341-1360.txt
particularize,v.,列举,1月6日,1341-1360.txt
apostasy,n.,放弃宗教信仰；变节；背叛,1月6日,1361-1380.txt
bathetic,adj.,平凡的；陈腐的,1月6日,1361-1380.txt
deracinate,v.,根除,1月6日,1361-1380.txt
goldbrick,n.,懒汉,1月6日,1361-1380.txt
beholden,adj.,蒙恩的；负有义务的,1月6日,1361-1380.txt
immanent,adj.,内在的；固有的,1月6日,1361-1380.txt
shopworn,adj.,陈旧的,1月6日,1361-1380.txt
blazon,v.&n.,宣布；装饰,1月6日,1361-1380.txt
tightfisted,adj.,吝啬的,1月6日,1361-1380.txt
scrappy,adj.,好斗的,1月6日,1361-1380.txt
striate,adj.,有条纹的,1月6日,1361-1380.txt
roisterer,n.,喝酒喧哗的人,1月6日,1361-1380.txt
bedeck,v.,装饰.点缀,1月6日,1361-1380.txt
preponderant,adj.,占优势的；压倒性的,1月6日,1361-1380.txt
sop,v.&n.,安慰物；浸湿,1月6日,1361-1380.txt
self.absorbed,adj.,自恋的,1月6日,1361-1380.txt
tactless,adj.,笨拙的,1月6日,1361-1380.txt
imperishable,adj.,不朽的；永恒的,1月6日,1361-1380.txt
behoove,v.,适合；对…有必要,1月6日,1361-1380.txt
canny,adj.,精明的,1月6日,1361-1380.txt
rapscallion,n.,流氓,1月6日,1381-1400.txt
apoplectic,adj.,中风的,1月6日,1381-1400.txt
opine,v.,想；表达观点,1月6日,1381-1400.txt
balky,adj.,停蹄不前,1月6日,1381-1400.txt
diaparage,v.,蔑视,1月6日,1381-1400.txt
levelheaded,adj.,文件的；头脑明智的,1月6日,1381-1400.txt
timeworn,adj.,陈腐的,1月6日,1381-1400.txt
topsy.turvy,adj.,混乱的,1月6日,1381-1400.txt
jarring ,adj.,刺耳的,1月7日,1381-1400.txt
piddling,adj.,琐屑无用的,1月7日,1381-1400.txt
jitters,n.,紧张,1月7日,1381-1400.txt
stouthearted,adj.,勇敢的,1月7日,1381-1400.txt
resuscitate,v.,使复活,1月7日,1381-1400.txt
palpitation,n.,心悸,1月7日,1381-1400.txt
reconvene,v.,重新集合,1月7日,1381-1400.txt
fervid,adj.,热心的,1月7日,1381-1400.txt
unlettered,adj.,未受教育的,1月7日,1381-1400.txt
outmaneuver,v.,用计谋胜过,1月7日,1381-1400.txt
jocular,adj.,搞笑的,1月7日,1381-1400.txt
backslide,v.,倒退,1月7日,1381-1400.txt
ossify,v.,硬化.骨化,1月7日,1401-1420.txt
inculpate,v.,控告,1月7日,1401-1420.txt
extemporize,v.,即兴演说,1月7日,1401-1420.txt
raffle,n.&v.,（抽）彩票,1月7日,1401-1420.txt
skittish,adj.,轻佻的,1月7日,1401-1420.txt
motile,adj.,能动的,1月7日,1401-1420.txt
acerbic,adj.,酸涩的,1月7日,1401-1420.txt
seemly,adj.,适当的,1月7日,1401-1420.txt
taxing,adj.,繁重的,1月7日,1401-1420.txt
ambrosial,adj.,特别美味的,1月7日,1401-1420.txt
recidivate,v.,重新犯罪,1月7日,1401-1420.txt
jape,n.&v.,嘲弄,1月7日,1401-1420.txt
scuff,v.,磨损,1月7日,1401-1420.txt
miniscule,adj.,极小的,1月7日,1401-1420.txt
reprieve,v.,暂缓处罚,1月7日,1401-1420.txt
palter,v.,含糊其辞,1月7日,1401-1420.txt
mottle,n.,斑点,1月7日,1401-1420.txt
fusty,adj.,过时的；发霉的,1月7日,1401-1420.txt
inveigh,v.,痛骂；表示抗议,1月7日,1401-1420.txt
dodder,v.,蹒跚,1月7日,1401-1420.txt
runic,adj.,北欧文字的,1月7日,1421-1423.txt
providential,adj.,由于好运发生在一个好的时间的,1月7日,1421-1423.txt
philanthropic,adj.,博爱的.为他人着想的,1月7日,1421-1423.txt
merited,adj.,理所应当的,1月7日,1421-1424.txt
